state,name,lat,lng,note
AR,Hot Springs National Park,34.48944,-93.05025,Postal name for Hot Springs; Gazetteer "Hot Springs city"
AZ,Willow Beach,35.72421,-114.40037,Stations are on US-93 at White Hills; Gazetteer "White Hills CDP"
CT,East Lyme,41.35555,-72.23159,New England town; GNIS civil feature "Town of East Lyme"
CT,East Windsor,41.90490,-72.56721,New England town; GNIS civil feature "Town of East Windsor"
CT,Willington,41.88955,-72.25934,New England town; GNIS civil feature "Town of Willington"
GA,Rabun Gap,34.91843,-83.38377,Unincorporated community; GNIS gap feature "Rabun Gap"
IL,Dundee,42.11036,-88.29650,SR-72 & SR-25 lies in Dundee Township; GNIS civil feature "Township of Dundee"
ME,Baileyville,45.17839,-67.44135,New England town; GNIS civil feature "Town of Baileyville"
ME,Corinth,44.98048,-69.01075,New England town; GNIS civil feature "Town of Corinth"
MI,Ottawa Lake,41.75227,-83.68549,Unincorporated community near US-23 exit 5; GNIS "Ottawa Lake Outlet" in Monroe County
NH,Bow,43.13077,-71.53068,New England town; GNIS civil feature "Town of Bow"
NJ,Monroe Township,40.31909,-74.42859,NJ Turnpike exit 8A is in Middlesex County; GNIS civil feature "Township of Monroe"
NJ,North Brunswick,40.45052,-74.47983,Township; GNIS civil feature "Township of North Brunswick"
NM,Pueblo Of Acoma,35.06888,-107.61456,I-40 exit 102 is at Acomita; Gazetteer "Acomita Lake CDP"
OK,S Coffeyville,36.99209,-95.62184,Abbreviation; Gazetteer "South Coffeyville town"
PA,Crescent,40.55619,-80.22869,Township on SR-51; GNIS civil feature "Township of Crescent"
PA,Etters,40.13065,-76.79219,Post-office name; I-83 exit 32 is at Newberrytown; GNIS populated place "Newberrytown"
PA,Feasterville Trevose,40.15400,-74.99156,Two adjacent CDPs; Gazetteer "Feasterville CDP"
RI,Johnston,41.82739,-71.52017,New England town; GNIS civil feature "Town of Johnston"
VT,Derby,44.95113,-72.13657,New England town; GNIS civil feature "Town of Derby"
